[ {
    "player_id_mlbam" : 573127,
    "lastname" : "Rosscup",
    "firstname" : "Zac",
    "dob_dte" : "1988-06-09",
    "weight" : 205,
    "height" : 74,
    "birth_place" : "Clackamas OR, USA",
    "school" : "Chemeketa CC",
    "bats" : "R",
    "throws" : "L",
    "position" : "LHS",
    "mlb_debut" : "2013-09-03",
    "org" : "CHI",
    "orgname" : "Chicago Cubs",
    "club" : "CHI",
    "clubname" : "Chicago Cubs"
}, {
    "player_id_mlbam" : 518748,
    "lastname" : "Grimm",
    "firstname" : "Justin",
    "dob_dte" : "1988-08-16",
    "weight" : 195,
    "height" : 75,
    "birth_place" : "Bristol TN, USA",
    "school" : "U Georgia",
    "bats" : "R",
    "throws" : "R",
    "position" : "RHR",
    "mlb_debut" : "2012-06-16",
    "org" : "CHI",
    "orgname" : "Chicago Cubs",
    "club" : "CHI",
    "clubname" : "Chicago Cubs"
}, {
    "player_id_mlbam" : 493159,
    "lastname" : "Wada",
    "firstname" : "Tsuyoshi",
    "dob_dte" : "1981-02-21",
    "weight" : 180,
    "height" : 71,
    "birth_place" : "Izumo, Japan",
    "bats" : "L",
    "throws" : "L",
    "position" : "LHS",
    "mlb_debut" : "2012-04-04",
    "org" : "CHI",
    "orgname" : "Chicago Cubs",
    "club" : "CHI",
    "clubname" : "Chicago Cubs"
}, {
    "player_id_mlbam" : 467008,
    "lastname" : "Strop",
    "firstname" : "Pedro",
    "dob_dte" : "1985-06-13",
    "weight" : 160,
    "height" : 73,
    "birth_place" : "San Cristobal, Dominican Republic",
    "bats" : "R",
    "throws" : "R",
    "position" : "RHR",
    "mlb_debut" : "2009-08-27",
    "org" : "CHI",
    "orgname" : "Chicago Cubs",
    "club" : "CHI",
    "clubname" : "Chicago Cubs"
}, {
    "player_id_mlbam" : 519203,
    "lastname" : "Rizzo",
    "firstname" : "Anthony",
    "dob_dte" : "1989-08-08",
    "weight" : 220,
    "height" : 75,
    "birth_place" : "Fort Lauderdale FL, USA",
    "school" : "M Stoneman Douglas HS",
    "bats" : "L",
    "throws" : "L",
    "position" : "1B",
    "mlb_debut" : "2011-06-09",
    "org" : "CHI",
    "orgname" : "Chicago Cubs",
    "club" : "CHI",
    "clubname" : "Chicago Cubs"
}, {
    "player_id_mlbam" : 543698,
    "lastname" : "Roach",
    "firstname" : "Donn",
    "dob_dte" : "1989-12-14",
    "weight" : 195,
    "height" : 72,
    "birth_place" : "Las Vegas NV, USA",
    "school" : "Col of Southern Nevada",
    "bats" : "R",
    "throws" : "R",
    "position" : "RHS",
    "mlb_debut" : "2014-03-30",
    "org" : "CHI",
    "orgname" : "Chicago Cubs",
    "club" : "CHI",
    "clubname" : "Chicago Cubs"
}, {
    "player_id_mlbam" : 543294,
    "lastname" : "Hendricks",
    "firstname" : "Kyle",
    "dob_dte" : "1989-12-07",
    "weight" : 195,
    "height" : 75,
    "birth_place" : "Newport Beach CA, USA",
    "school" : "Dartmouth Col",
    "bats" : "R",
    "throws" : "R",
    "position" : "RHS",
    "mlb_debut" : "2014-07-10",
    "org" : "CHI",
    "orgname" : "Chicago Cubs",
    "club" : "CHI",
    "clubname" : "Chicago Cubs"
}, {
    "player_id_mlbam" : 434633,
    "lastname" : "Baker",
    "firstname" : "John",
    "dob_dte" : "1981-01-20",
    "weight" : 205,
    "height" : 73,
    "birth_place" : "Alameda CA, USA",
    "school" : "UC Berkeley",
    "bats" : "L",
    "throws" : "R",
    "position" : "C",
    "mlb_debut" : "2008-07-08",
    "prioroutright_flg" : 1,
    "org" : "CHI",
    "orgname" : "Chicago Cubs",
    "club" : "CHI",
    "clubname" : "Chicago Cubs"
}, {
    "player_id_mlbam" : 449079,
    "lastname" : "Wright",
    "firstname" : "Wesley",
    "dob_dte" : "1985-01-28",
    "weight" : 173,
    "height" : 71,
    "birth_place" : "Montgomery AL, USA",
    "school" : "Goshen HS",
    "bats" : "R",
    "throws" : "L",
    "position" : "LHR",
    "mlb_debut" : "2008-03-30",
    "org" : "CHI",
    "orgname" : "Chicago Cubs",
    "club" : "CHI",
    "clubname" : "Chicago Cubs"
}, {
    "player_id_mlbam" : 435220,
    "lastname" : "Sweeney",
    "firstname" : "Ryan",
    "dob_dte" : "1985-02-20",
    "weight" : 225,
    "height" : 76,
    "birth_place" : "Cedar Rapids IA, USA",
    "school" : "Xavier HS",
    "bats" : "L",
    "throws" : "L",
    "position" : "OF",
    "mlb_debut" : "2006-09-01",
    "org" : "CHI",
    "orgname" : "Chicago Cubs",
    "club" : "CHI",
    "clubname" : "Chicago Cubs"
}, {
    "player_id_mlbam" : 516809,
    "lastname" : "Lake",
    "firstname" : "Junior",
    "dob_dte" : "1990-03-27",
    "weight" : 175,
    "height" : 75,
    "birth_place" : "San Pedro de Macoris, Dominican Republic",
    "bats" : "R",
    "throws" : "R",
    "position" : "SS",
    "mlb_debut" : "2013-07-19",
    "org" : "CHI",
    "orgname" : "Chicago Cubs",
    "club" : "CHI",
    "clubname" : "Chicago Cubs"
}, {
    "player_id_mlbam" : 453284,
    "lastname" : "Parker",
    "firstname" : "Blake",
    "dob_dte" : "1985-06-19",
    "weight" : 228,
    "height" : 75,
    "birth_place" : "Fayetteville AR, USA",
    "school" : "U Arkansas Fayetteville",
    "bats" : "R",
    "throws" : "R",
    "position" : "RHR",
    "mlb_debut" : "2012-05-17",
    "prioroutright_flg" : 1,
    "org" : "CHI",
    "orgname" : "Chicago Cubs",
    "club" : "CHI",
    "clubname" : "Chicago Cubs"
}, {
    "player_id_mlbam" : 453562,
    "lastname" : "Arrieta",
    "firstname" : "Jake",
    "dob_dte" : "1986-03-06",
    "weight" : 225,
    "height" : 76,
    "birth_place" : "Farmington MO, USA",
    "school" : "Texas Christian U",
    "bats" : "R",
    "throws" : "R",
    "position" : "RHS",
    "mlb_debut" : "2010-06-10",
    "org" : "CHI",
    "orgname" : "Chicago Cubs",
    "club" : "CHI",
    "clubname" : "Chicago Cubs"
}, {
    "player_id_mlbam" : 489295,
    "lastname" : "Schlitter",
    "firstname" : "Brian",
    "dob_dte" : "1985-12-21",
    "weight" : 240,
    "height" : 77,
    "birth_place" : "Oak Park IL, USA",
    "school" : "Col of Charleston",
    "bats" : "R",
    "throws" : "R",
    "position" : "RHS",
    "mlb_debut" : "2010-06-26",
    "prioroutright_flg" : 1,
    "org" : "CHI",
    "orgname" : "Chicago Cubs",
    "club" : "CHI",
    "clubname" : "Chicago Cubs"
}, {
    "player_id_mlbam" : 467094,
    "lastname" : "Doubront",
    "firstname" : "Felix",
    "dob_dte" : "1987-10-23",
    "weight" : 166,
    "height" : 74,
    "birth_place" : "Carabobo, Venezuela",
    "bats" : "L",
    "throws" : "L",
    "position" : "LHS",
    "mlb_debut" : "2010-06-18",
    "org" : "CHI",
    "orgname" : "Chicago Cubs",
    "club" : "CHI",
    "clubname" : "Chicago Cubs"
}, {
    "player_id_mlbam" : 456078,
    "lastname" : "Castillo",
    "firstname" : "Welington",
    "dob_dte" : "1987-04-24",
    "weight" : 194,
    "height" : 70,
    "birth_place" : "San Isidro, Dominican Republic",
    "bats" : "R",
    "throws" : "R",
    "position" : "C",
    "mlb_debut" : "2010-08-10",
    "org" : "CHI",
    "orgname" : "Chicago Cubs",
    "club" : "CHI",
    "clubname" : "Chicago Cubs"
}, {
    "player_id_mlbam" : 542923,
    "lastname" : "Beeler",
    "firstname" : "Dallas",
    "dob_dte" : "1989-06-12",
    "weight" : 210,
    "height" : 77,
    "birth_place" : "Tulsa OK, USA",
    "school" : "Oral Roberts U",
    "bats" : "R",
    "throws" : "R",
    "position" : "RHS",
    "mlb_debut" : "2014-06-28",
    "org" : "CHI",
    "orgname" : "Chicago Cubs",
    "club" : "CHI",
    "clubname" : "Chicago Cubs"
}, {
    "player_id_mlbam" : 519333,
    "lastname" : "Szczur",
    "firstname" : "Matt",
    "dob_dte" : "1989-07-20",
    "weight" : 190,
    "height" : 73,
    "birth_place" : "Cape May NJ, USA",
    "school" : "Villanova U",
    "bats" : "R",
    "throws" : "R",
    "position" : "OF",
    "mlb_debut" : "2014-08-17",
    "org" : "CHI",
    "orgname" : "Chicago Cubs",
    "club" : "CHI",
    "clubname" : "Chicago Cubs"
}, {
    "player_id_mlbam" : 543894,
    "lastname" : "Watkins",
    "firstname" : "Logan",
    "dob_dte" : "1989-08-29",
    "weight" : 170,
    "height" : 71,
    "birth_place" : "Wichita KS, USA",
    "school" : "Goddard HS",
    "bats" : "L",
    "throws" : "R",
    "position" : "SS",
    "mlb_debut" : "2013-08-04",
    "org" : "CHI",
    "orgname" : "Chicago Cubs",
    "club" : "CHI",
    "clubname" : "Chicago Cubs"
}, {
    "player_id_mlbam" : 600303,
    "player_id_devenport" : "LA STELLA19890131A",
    "lastname" : "La Stella",
    "firstname" : "Tommy",
    "dob_dte" : "1989-01-31",
    "weight" : 190,
    "height" : 71,
    "birth_place" : "Westwood NJ, USA",
    "school" : "Coastal Carolina U",
    "bats" : "L",
    "throws" : "R",
    "position" : "2B",
    "mlb_debut" : "2014-05-28",
    "org" : "CHI",
    "orgname" : "Chicago Cubs",
    "club" : "CHI",
    "clubname" : "Chicago Cubs"
}, {
    "player_id_mlbam" : 518852,
    "lastname" : "Jokisch",
    "firstname" : "Eric",
    "dob_dte" : "1989-07-29",
    "weight" : 185,
    "height" : 74,
    "birth_place" : "Springfield IL, USA",
    "school" : "Northwestern U",
    "bats" : "R",
    "throws" : "L",
    "position" : "LHS",
    "mlb_debut" : "2014-09-02",
    "org" : "CHI",
    "orgname" : "Chicago Cubs",
    "club" : "CHI",
    "clubname" : "Chicago Cubs"
}, {
    "player_id_mlbam" : 570799,
    "lastname" : "Villanueva",
    "firstname" : "Christian",
    "dob_dte" : "1991-06-19",
    "weight" : 160,
    "height" : 71,
    "birth_place" : "Guadalajara Jalisco, Mexico",
    "bats" : "R",
    "throws" : "R",
    "position" : "IF",
    "org" : "CHI",
    "orgname" : "Chicago Cubs",
    "club" : "CHI",
    "clubname" : "Chicago Cubs"
}, {
    "player_id_mlbam" : 592609,
    "lastname" : "Olt",
    "firstname" : "Mike",
    "dob_dte" : "1988-08-27",
    "weight" : 215,
    "height" : 74,
    "birth_place" : "New Haven CT, USA",
    "school" : "U Connecticut",
    "bats" : "R",
    "throws" : "R",
    "position" : "3B",
    "mlb_debut" : "2012-08-02",
    "org" : "CHI",
    "orgname" : "Chicago Cubs",
    "club" : "CHI",
    "clubname" : "Chicago Cubs"
}, {
    "player_id_mlbam" : 570489,
    "lastname" : "Alcantara",
    "firstname" : "Arismendy",
    "dob_dte" : "1991-10-29",
    "weight" : 160,
    "height" : 70,
    "birth_place" : "Santo Domingo, Dominican Republic",
    "bats" : "S",
    "throws" : "R",
    "position" : "IF",
    "mlb_debut" : "2014-07-09",
    "org" : "CHI",
    "orgname" : "Chicago Cubs",
    "club" : "CHI",
    "clubname" : "Chicago Cubs"
}, {
    "player_id_mlbam" : 573185,
    "lastname" : "Straily",
    "firstname" : "Dan",
    "dob_dte" : "1988-12-01",
    "weight" : 215,
    "height" : 74,
    "birth_place" : "Redlands CA, USA",
    "school" : "Marshall U",
    "bats" : "R",
    "throws" : "R",
    "position" : "RHS",
    "mlb_debut" : "2012-08-03",
    "org" : "CHI",
    "orgname" : "Chicago Cubs",
    "club" : "CHI",
    "clubname" : "Chicago Cubs"
}, {
    "player_id_mlbam" : 595879,
    "lastname" : "Baez",
    "firstname" : "Javier",
    "dob_dte" : "1992-12-01",
    "weight" : 195,
    "height" : 72,
    "birth_place" : "Bayamon, Puerto Rico",
    "school" : "Arlington Country Day School",
    "bats" : "R",
    "throws" : "R",
    "position" : "SS",
    "mlb_debut" : "2014-08-05",
    "org" : "CHI",
    "orgname" : "Chicago Cubs",
    "club" : "CHI",
    "clubname" : "Chicago Cubs"
}, {
    "player_id_mlbam" : 444468,
    "lastname" : "Rondon",
    "firstname" : "Hector",
    "dob_dte" : "1988-02-26",
    "weight" : 165,
    "height" : 75,
    "birth_place" : "Guatire, Venezuela",
    "bats" : "R",
    "throws" : "R",
    "position" : "RHS",
    "mlb_debut" : "2013-03-31",
    "prioroutright_flg" : 1,
    "org" : "CHI",
    "orgname" : "Chicago Cubs",
    "club" : "CHI",
    "clubname" : "Chicago Cubs"
}, {
    "player_id_mlbam" : 448605,
    "lastname" : "Ruggiano",
    "firstname" : "Justin",
    "dob_dte" : "1982-04-12",
    "weight" : 205,
    "height" : 73,
    "birth_place" : "Austin TX, USA",
    "school" : "Texas A&M U",
    "bats" : "R",
    "throws" : "R",
    "position" : "LF",
    "mlb_debut" : "2007-09-19",
    "prioroutright_flg" : 1,
    "org" : "CHI",
    "orgname" : "Chicago Cubs",
    "club" : "CHI",
    "clubname" : "Chicago Cubs"
}, {
    "player_id_mlbam" : 429719,
    "lastname" : "Jackson",
    "firstname" : "Edwin",
    "dob_dte" : "1983-09-09",
    "weight" : 200,
    "height" : 75,
    "birth_place" : "Neu-Ulm, Germany",
    "school" : "Shaw HS",
    "bats" : "R",
    "throws" : "R",
    "position" : "RHS",
    "mlb_debut" : "2003-09-07",
    "org" : "CHI",
    "orgname" : "Chicago Cubs",
    "club" : "CHI",
    "clubname" : "Chicago Cubs"
}, {
    "player_id_mlbam" : 475243,
    "lastname" : "Wood",
    "firstname" : "Travis",
    "dob_dte" : "1987-02-06",
    "weight" : 165,
    "height" : 71,
    "birth_place" : "Little Rock AR, USA",
    "school" : "Bryant HS",
    "bats" : "R",
    "throws" : "L",
    "position" : "LHS",
    "mlb_debut" : "2010-07-01",
    "org" : "CHI",
    "orgname" : "Chicago Cubs",
    "club" : "CHI",
    "clubname" : "Chicago Cubs"
}, {
    "player_id_mlbam" : 472528,
    "lastname" : "Valbuena",
    "firstname" : "Luis",
    "dob_dte" : "1985-11-30",
    "weight" : 160,
    "height" : 70,
    "birth_place" : "Sucre, Venezuela",
    "bats" : "L",
    "throws" : "R",
    "position" : "IF",
    "mlb_debut" : "2008-09-01",
    "prioroutright_flg" : 1,
    "org" : "CHI",
    "orgname" : "Chicago Cubs",
    "club" : "CHI",
    "clubname" : "Chicago Cubs"
}, {
    "player_id_mlbam" : 458085,
    "lastname" : "Coghlan",
    "firstname" : "Chris",
    "dob_dte" : "1985-06-18",
    "weight" : 195,
    "height" : 72,
    "birth_place" : "Gaithersburg MD, USA",
    "school" : "U Mississippi",
    "bats" : "L",
    "throws" : "R",
    "position" : "3B",
    "mlb_debut" : "2009-05-08",
    "org" : "CHI",
    "orgname" : "Chicago Cubs",
    "club" : "CHI",
    "clubname" : "Chicago Cubs"
}, {
    "player_id_mlbam" : 519166,
    "lastname" : "Ramirez",
    "firstname" : "Neil",
    "dob_dte" : "1989-05-25",
    "weight" : 185,
    "height" : 76,
    "birth_place" : "Virginia Beach VA, USA",
    "school" : "Kempsville HS",
    "bats" : "R",
    "throws" : "R",
    "position" : "RHS",
    "mlb_debut" : "2014-04-24",
    "org" : "CHI",
    "orgname" : "Chicago Cubs",
    "club" : "CHI",
    "clubname" : "Chicago Cubs"
}, {
    "player_id_mlbam" : 517451,
    "lastname" : "Ortiz",
    "firstname" : "Joseph",
    "dob_dte" : "1990-08-13",
    "weight" : 175,
    "height" : 67,
    "birth_place" : "Caracas, Venezuela",
    "bats" : "L",
    "throws" : "L",
    "position" : "LHR",
    "mlb_debut" : "2013-03-31",
    "org" : "CHI",
    "orgname" : "Chicago Cubs",
    "club" : "CHI",
    "clubname" : "Chicago Cubs"
}, {
    "player_id_mlbam" : 516770,
    "lastname" : "Castro",
    "firstname" : "Starlin",
    "dob_dte" : "1990-03-24",
    "weight" : 150,
    "height" : 72,
    "birth_place" : "Monte Cristy, Dominican Republic",
    "bats" : "R",
    "throws" : "R",
    "position" : "SS",
    "mlb_debut" : "2010-05-07",
    "org" : "CHI",
    "orgname" : "Chicago Cubs",
    "club" : "CHI",
    "clubname" : "Chicago Cubs"
}, {
    "player_id_mlbam" : 545363,
    "lastname" : "Turner",
    "firstname" : "Jacob",
    "dob_dte" : "1991-05-21",
    "weight" : 205,
    "height" : 77,
    "birth_place" : "St. Charles MO, USA",
    "school" : "Westminster Christian Academy",
    "bats" : "R",
    "throws" : "R",
    "position" : "RHS",
    "mlb_debut" : "2011-07-30",
    "org" : "CHI",
    "orgname" : "Chicago Cubs",
    "club" : "CHI",
    "clubname" : "Chicago Cubs"
}, {
    "player_id_mlbam" : 607257,
    "lastname" : "Lopez",
    "firstname" : "Rafael",
    "dob_dte" : "1987-10-02",
    "weight" : 190,
    "height" : 69,
    "birth_place" : "Philadelphia PA, USA",
    "school" : "Florida St U",
    "bats" : "L",
    "throws" : "R",
    "position" : "C",
    "mlb_debut" : "2014-09-02",
    "org" : "CHI",
    "orgname" : "Chicago Cubs",
    "club" : "CHI",
    "clubname" : "Chicago Cubs"
}, {
    "player_id_mlbam" : 605218,
    "lastname" : "Edwards",
    "firstname" : "C.J.",
    "dob_dte" : "1991-09-03",
    "weight" : 155,
    "height" : 74,
    "birth_place" : "Newberry SC, USA",
    "school" : "Mid-Carolina HS",
    "bats" : "R",
    "throws" : "R",
    "position" : "RHS",
    "org" : "CHI",
    "orgname" : "Chicago Cubs",
    "club" : "CHI",
    "clubname" : "Chicago Cubs"
}, {
    "player_id_mlbam" : 624585,
    "lastname" : "Soler",
    "firstname" : "Jorge",
    "dob_dte" : "1992-02-25",
    "weight" : 215,
    "height" : 76,
    "birth_place" : "Havana, Cuba",
    "bats" : "R",
    "throws" : "R",
    "position" : "OF",
    "mlb_debut" : "2014-08-27",
    "org" : "CHI",
    "orgname" : "Chicago Cubs",
    "club" : "CHI",
    "clubname" : "Chicago Cubs"
} ]